{
  "images" : [
    {
      "size" : "29x29",
      "idiom" : "iphone",
      "filename" : "58-2.png",
      "scale" : "2x"
    },
    {
      "size" : "29x29",
      "idiom" : "iphone",
      "filename" : "87-2.png",
      "scale" : "3x"
    },
    {
      "size" : "40x40",
      "idiom" : "iphone",
      "filename" : "80-2.png",
      "scale" : "2x"
    },
    {
      "size" : "40x40",
      "idiom" : "iphone",
      "filename" : "120-3.png",
      "scale" : "3x"
    },
    {
      "size" : "60x60",
      "idiom" : "iphone",
      "filename" : "120-2.png",
      "scale" : "2x"
    },
    {
      "size" : "60x60",
      "idiom" : "iphone",
      "filename" : "180-2.png",
      "scale" : "3x"
    }
  ],
  "info" : {
    "version" : 1,
    "author" : "xcode"
  }
}